candidato,palabra_clave,enlace_original,enlace_limpio
Andrea González Náder,elecciones 2025,https://x.com/Expresoec/status/1824270858879181307/photo/1,https://x.com/Expresoec/status/1824270858879181307/photo/1
Andrea González Náder,elecciones 2025,https://x.com/Expresoec/status/1798811247166799958/photo/1,https://x.com/Expresoec/status/1798811247166799958/photo/1
Andrea González Náder,elecciones 2025,https://x.com/Danielsalcan_/status/1881421702623875450,https://x.com/Danielsalcan_/status/1881421702623875450
Andrea González Náder,elecciones 2025,https://x.com/Expresoec/status/1824270858879181307,https://x.com/Expresoec/status/1824270858879181307
Andrea González Náder,elecciones 2025,https://x.com/AndreGonzalezNa/status/1881726264723329145,https://x.com/AndreGonzalezNa/status/1881726264723329145
Andrea González Náder,elecciones 2025,https://x.com/Meluzambrano/status/1881326296824737845/analytics,https://x.com/Meluzambrano/status/1881326296824737845
Andrea González Náder,elecciones 2025,https://x.com/TMT30_/status/1822414007527243832/analytics,https://x.com/TMT30_/status/1822414007527243832
Andrea González Náder,elecciones 2025,https://x.com/AndreGonzalezNa/status/1931526492066046105/analytics,https://x.com/AndreGonzalezNa/status/1931526492066046105
Andrea González Náder,elecciones 2025,https://x.com/Expresoec/status/1824270858879181307/analytics,https://x.com/Expresoec/status/1824270858879181307
Andrea González Náder,elecciones 2025,https://x.com/LaNacion_Ec/status/1799078895980826815/analytics,https://x.com/LaNacion_Ec/status/1799078895980826815
Andrea González Náder,elecciones 2025,https://x.com/AndreGonzalezNa/status/1881726264723329145/analytics,https://x.com/AndreGonzalezNa/status/1881726264723329145
Andrea González Náder,elecciones 2025,https://x.com/CruzaElDato/status/1800289165017546883/analytics,https://x.com/CruzaElDato/status/1800289165017546883
Andrea González Náder,elecciones 2025,https://x.com/eluniversocom/status/1735664781720207684,https://x.com/eluniversocom/status/1735664781720207684
Andrea González Náder,elecciones 2025,https://x.com/Meluzambrano/status/1881326296824737845,https://x.com/Meluzambrano/status/1881326296824737845
Andrea González Náder,elecciones 2025,https://x.com/Expresoec/status/1798811247166799958,https://x.com/Expresoec/status/1798811247166799958
Andrea González Náder,elecciones 2025,https://x.com/TMT30_/status/1822414007527243832,https://x.com/TMT30_/status/1822414007527243832
Andrea González Náder,elecciones 2025,https://x.com/LaNacion_Ec/status/1799078895980826815/photo/1,https://x.com/LaNacion_Ec/status/1799078895980826815/photo/1
Andrea González Náder,elecciones 2025,https://x.com/LaMareaec/status/1798858348726772112/photo/1,https://x.com/LaMareaec/status/1798858348726772112/photo/1
Andrea González Náder,elecciones 2025,https://x.com/LaMareaec/status/1798858348726772112,https://x.com/LaMareaec/status/1798858348726772112
Andrea González Náder,elecciones 2025,https://x.com/Expresoec/status/1798811247166799958/analytics,https://x.com/Expresoec/status/1798811247166799958
Andrea González Náder,elecciones 2025,https://x.com/CruzaElDato/status/1800289165017546883,https://x.com/CruzaElDato/status/1800289165017546883
Andrea González Náder,elecciones 2025,https://x.com/AndreGonzalezNa/status/1931526492066046105,https://x.com/AndreGonzalezNa/status/1931526492066046105
Andrea González Náder,elecciones 2025,https://x.com/CruzaElDato/status/1800289165017546883/photo/1,https://x.com/CruzaElDato/status/1800289165017546883/photo/1
Andrea González Náder,elecciones 2025,https://x.com/TMT30_/status/1822414007527243832/photo/1,https://x.com/TMT30_/status/1822414007527243832/photo/1
Andrea González Náder,elecciones 2025,https://x.com/LaNacion_Ec/status/1799078895980826815,https://x.com/LaNacion_Ec/status/1799078895980826815
Andrea González Náder,elecciones 2025,https://x.com/LaMareaec/status/1798858348726772112/analytics,https://x.com/LaMareaec/status/1798858348726772112
Andrea González Náder,elecciones 2025,https://x.com/eluniversocom/status/1735664781720207684/analytics,https://x.com/eluniversocom/status/1735664781720207684
Andrea González Náder,elecciones 2025,https://x.com/Danielsalcan_/status/1881421702623875450/analytics,https://x.com/Danielsalcan_/status/1881421702623875450
