candidato,url,usuario,fecha,texto
Juan_Ivan_Cueva,https://x.com/ElPortalEcu/status/1818143361556975912,@ElPortalEcu,2024-07-30T04:35:31.000Z," ""El triunfo del socialismo será notable y contundente en las elecciones del 2025"", acotó el presidente de la CONAIE Leonidas Iza."
Juan_Ivan_Cueva,https://x.com/TVCEcuador/status/1881701614043480426,@TVCEcuador,2025-01-21T13:53:19.000Z,Fue asesor técnico en el Municipio de Loja
Juan_Ivan_Cueva,https://x.com/Radio_i99/status/1882921355043348598/photo/1,@Radio_i99,2025-01-24T22:40:08.000Z,"Juan Iván Cueva, candidato presidencial de Ecuador para las elecciones de 2025, expuso su plan para combatir la inseguridad, crear empleo y enfrentar la crisis energética. Destacó la creación de una nueva agencia de inteligencia con tecnología avanzada, la inyección de 1,000 millones de dólares en proyectos de infraestructura y un plan para energías renovables con 900 millones de inversión.

 #JuanIvánCueva #Ecuador2025"
Juan_Ivan_Cueva,https://x.com/kchradio/status/1775683084924366912,@kchradio,2024-04-04T00:33:32.000Z,"Aquiles Alvarez, alcalde de Guayaquil, negó rotundamente un posible interés en ser candidato presidencial para 2025.
Durante un recorrido de obras en Guayaquil, el funcionario reaccionó ante la circulación en redes sociales de un afiche que lo señala como candidato a Carondelet.
@aquilesalvarez"
Juan_Ivan_Cueva,https://x.com/kmilo472/status/1983601294578479293,@torresmena11,2025-10-28T15:34:03.000Z,"Luego la más botada no fue la del 2022, casi con 6 millones 

Me explica por qué no cuentan?"
Juan_Ivan_Cueva,https://x.com/Nexofin/status/1840055556502855976,@Nexofin,2024-09-28T15:46:45.000Z," AHORA | La Libertad Avanza de 
@JMilei
 ganaría las elecciones de 2025 con el 33% de los votos, informa Synopsis. 

 El kirchnerismo obtendría el 18%, el PRO el 9% y la UCR el 3%. 

 El peronismo no K estaría ubicado en el 19%."
Juan_Ivan_Cueva,https://x.com/ElFinanciero_Mx/status/1952459856520286713,@ElFinanciero_Mx,2025-08-04T20:01:19.000Z,"#ÚLTIMAHORA  | ¡Se destapó! Bajo su nueva organización política llamada “México Nuevo, paz y futuro”, Cuevas anunció que “para 2030, si Dios me lo permite, si tenemos fuerza, si la gente nos sigue y esto funciona, voy a estar buscando la jefatura de Gobierno”

 
tinyurl.com/567f34bb"
Juan_Ivan_Cueva,https://x.com/Mariloche/status/1983983520646361535,@Mariloche,2025-10-30T19:45:06.000Z,Iván Cepeda gana consulta del Pacto Histórico y será candidato en 2026
Juan_Ivan_Cueva,https://x.com/AnibalSanchezOF/status/1982860370969530770,@AnibalSanchezOF,2025-10-27T17:22:06.000Z,"Aníbal Sánchez: Destaca la Complejidad y Beneficios del Sistema Electoral Presidencial en Colombia

Caracas, Venezuela – 27 de octubre de 2025 – El analista político y consultor electoral Aníbal Sánchez ha publicado un análisis detallado sobre el sistema electoral presidencial colombiano, describiéndolo como un “proceso complejo” que fomenta la participación pluralista y la estabilidad política. Este análisis llega un día después de la consulta interna del Pacto Histórico, celebrada el 26 de octubre de 2025, donde precandidatos como Iván Cepeda y Carolina Corcho compitieron para consolidar su base electoral.

En su artículo, Sánchez explica que el sistema está regulado por la Constitución de 1991, junto con leyes como la 996 y la 1475 de 2011, y actualizaciones del Consejo Nacional Electoral (CNE). El enfoque principal es garantizar una selección de candidatos a través de partidos, coaliciones y vías independientes, culminando en votaciones directas en dos vueltas si es necesario. 

“Como analista y consultor electoral, he defendido este sistema, aunque se critique el mecanismo de votación que aún deja algunas dudas”, afirma Sánchez.

El proceso se divide en etapas clave:
1. Consultas Internas o Primarias de Partido: Las organizaciones políticas realizan elecciones internas abiertas para seleccionar precandidatos presidenciales. Estas votaciones ciudadanas no son vinculantes para el tarjetón final, pero son obligatorias si los estatutos del partido lo establecen. Sánchez destaca que estos procesos proyectan a los aspirantes, consolidan bases electorales y estimulan la participación. Como ejemplo, menciona la reciente consulta del Pacto Histórico. En contraste, señala las elecciones legislativas en Argentina el mismo día, marcadas por una abstención del 36% en un país con voto obligatorio, que este año eliminó sus primarias (PASO).

2. Consultas de Bloque o Interpartidistas: Una vez definidos los candidatos por partido, las coaliciones ideológicas (izquierda, centro, derecha) realizan primarias abiertas para unificar un candidato único por bloque. Esto evita la dispersión del voto y fomenta alianzas, como las de oposición, mediante votaciones populares simultáneas. Según el cronograma, estas coinciden con las elecciones legislativas el 8 de marzo de 2026.
Sánchez enfatiza que los candidatos independientes, sin aval partidario, pueden inscribirse directamente recolectando firmas de apoyo (al menos el 3% de la última votación) antes de diciembre, a través de “grupos de ciudadanos”. Figuras como Claudia López, Vicky Dávila y Mauricio Cárdenas han optado por esta vía.

3. Primera y Segunda Vuelta Presidencial: Todos los candidatos inscritos compiten en una elección directa el 31 de mayo de 2026. Si un candidato obtiene más del 50% +1 de los votos válidos (incluyendo el voto en el exterior), gana por mayoría absoluta. La fórmula presidencial (presidente y vicepresidente) se elige en tándem. Si ninguno alcanza la mayoría, los dos más votados compiten en una segunda vuelta el 21 de junio de 2026.

Los críticos del sistema argumentan que genera gastos y fatiga electoral, pero Sánchez defiende que eleva el piso político necesario para la estabilidad y aumenta la participación ciudadana.
Este análisis subraya la importancia de un sistema que equilibra pluralismo y gobernabilidad en un contexto de crecientes desafíos electorales en América Latina.

Más información por 
@AnibalSanchezOF"
Juan_Ivan_Cueva,https://x.com/Solecitodh/status/1982993597482795077,@eleccionescolom,2025-10-26T22:59:44.000Z,"#ATENCION 
A la Presidencia de la República, por quién votaría?

 Ivan Cepeda 
@IvanCepedaCast
 Abelardo de la Espriella  
@ABDELAESPRIELLA"
Juan_Ivan_Cueva,https://x.com/politikcorrecta/status/1881423554828439634,@politikcorrecta,2025-01-19T19:47:30.000Z,"La #inseguridad es la mayor preocupación para el 64% de los ecuatorianos. Víctor Araus, Francesco Tabacchi y Juan Iván Cueva propusieron medidas como pena de muerte, #CadenaPerpetua y vigilancia tecnológica. ¿En qué consisten?

Te contamos más   
bit.ly/3DYptXt"
Juan_Ivan_Cueva,https://x.com/ecuainm_oficial/status/1824470334386446816,@ecuainm_oficial,2024-08-16T15:36:39.000Z,"#URGENTE
Juan Iván Cueva y Cristina Reyes es el binomio presidencial del movimiento Amigo para participar en las elecciones 2025."
Juan_Ivan_Cueva,https://x.com/mrco_uli/status/1876969750351266083,@mrco_uli,2025-01-08T12:30:35.000Z,"Entrevista a Juan Iván Cueva sobre su plan de Gobierno para las elecciones 2025 
teleamazonas.com/juan-ivan-cuev
…"
Juan_Ivan_Cueva,https://x.com/nometiente2/status/1973377376806392273,@nometiente2,2025-10-01T13:20:04.000Z,"Amigos (los que van a votar por Iván), tengamos en cuenta que el uribismo lo odia por lograr que condenaran a su líder y ser el referente de las madres de las víctimas, los uribistas son los mayores interesados en que Iván no quede y seguro van a salir a votar en la consulta, los que no queremos que nos arrebaten la posibilidad de tenerlo de presidente, debemos salir a votar masivamente por él este 26."
Juan_Ivan_Cueva,https://x.com/JesusRCuevas/status/1843297458308432224,@JesusRCuevas,2024-10-07T14:28:55.000Z,"La presidenta 
@Claudiashein
 presentó iniciativas para reformar la ley de procesos electorales y la de medios de impugnación. Así se garantizan la legalidad, imparcialidad y transparencia en la elección de jueces, magistrados y ministros del Poder Judicial el 1o. de junio de 2025."
Juan_Ivan_Cueva,https://x.com/JesusRCuevas/status/1843297458308432224/photo/4,@JesusRCuevas,2024-10-07T14:28:55.000Z,"La presidenta 
@Claudiashein
 presentó iniciativas para reformar la ley de procesos electorales y la de medios de impugnación. Así se garantizan la legalidad, imparcialidad y transparencia en la elección de jueces, magistrados y ministros del Poder Judicial el 1o. de junio de 2025."
Juan_Ivan_Cueva,https://x.com/conurbanero_/status/1983531503590965264,@juanapolitizada,2025-10-29T00:25:10.000Z,"Si hay votantes de Milei leyéndome por acá, ¿me cuentan qué los motivó a elegir a La Libertad Avanza?"
Juan_Ivan_Cueva,https://x.com/lahoraecuador/status/1824951116221775968,@lahoraecuador,2024-08-17T23:27:06.000Z,"Se suman más binomios presidenciales para las elecciones de 2025 . Juan Iván Cueva y Cristina Reyes buscan juntos ganar la Presidencia por el movimiento AMIGO .  
bit.ly/4fBWt69"
Juan_Ivan_Cueva,https://x.com/ivan196302/status/1893877526906143155,@ivan196302,2025-02-24T04:16:03.000Z,"Mi voto será por Noboa, iré en silla de ruedas, así no me ayude el MSP, yo quiero morir en mi Guayaquil, dónde guerreros huancavilcas defendieron la libertad que los piratas y rufianes quisieron arrebatar. Mil veces Guayaquil de pie ante la tiranía, el odio y la corrupción."
Juan_Ivan_Cueva,https://x.com/EcuavisaInforma/status/1881098580607524897,@EcuavisaInforma,2025-01-19T21:39:13.000Z,"#EnVivo | La candidata de la Revolución Ciudadana, Luisa González, dice que espera un debate a la altura. Además, contó que ha recibido amenazas durante la campaña.   
bit.ly/4h0iagt"
Juan_Ivan_Cueva,https://x.com/mrco_uli/status/1876969750351266083,@mrco_uli,2025-01-08T12:30:35.000Z,"Entrevista a Juan Iván Cueva sobre su plan de Gobierno para las elecciones 2025 
teleamazonas.com/juan-ivan-cuev
…"
Juan_Ivan_Cueva,https://x.com/lahoraecuador/status/1824951116221775968/photo/1,@lahoraecuador,2024-08-17T23:27:06.000Z,"Se suman más binomios presidenciales para las elecciones de 2025 . Juan Iván Cueva y Cristina Reyes buscan juntos ganar la Presidencia por el movimiento AMIGO .  
bit.ly/4fBWt69"
Juan_Ivan_Cueva,https://x.com/elcancillercom/status/1852092134364713400/photo/1,@elcancillercom,2024-10-30T18:31:02.000Z,"[AHORA] Cúneo se presentará como candidato a diputado por la Provincia en 2025, porque ""hasta acá llegó la paciencia"": ""Vamos a dar batalla para iniciar la caída del Gobierno, si es que todavía no cayó""."
Juan_Ivan_Cueva,https://x.com/ElDatoEcua/status/1864020193703231715,@ElDatoEcua,2024-12-03T18:53:40.000Z,"#Urgente Daniel Noboa lidera las encuestas con un 34% de intención de voto, el Presidente se perfila como favorito para las elecciones de 2025, según Informe Confidencial. 

Luisa González, del correísmo, lo sigue con un 32%."
Juan_Ivan_Cueva,https://x.com/diariocorreoec/status/1850193707091288407/photo/1,@diariocorreoec,2024-10-26T15:12:09.000Z,"En su camino hacia la presidencia de Ecuador, Juan Iván Cueva, candidato presidencial por el movimiento Amigo, lista 16, visitó las instalaciones de Diario CORREO para presentar sus propuestas de cara a las elecciones presidenciales de febrero de 2025. 
bityl.co/SWTj"
Juan_Ivan_Cueva,https://x.com/eluniversocom/status/1871308208377090442,@eluniversocom,2024-12-23T21:33:38.000Z,"#DanielNoboa |  A partir del 5 de enero próximo el país entra a un proceso de campaña electoral para las elecciones generales de febrero de 2025. 
ow.ly/4CVp50UwhhE"
Juan_Ivan_Cueva,https://x.com/EcuavisaInforma/status/1911590569006010831,@EcuavisaInforma,2025-04-14T01:21:21.000Z," #Elecciones2025 | Con el 90,03 % de actas escrutadas, Daniel Noboa alcanza el 55 % de votos y Luisa González el 44 %. La tendencia es irreversible y Noboa es proclamado ganador en estos comicios, de acuerdo a los resultados oficiales.

Sintonízanos #ENVIVO  
Ecuavisa.com/envivo"
Juan_Ivan_Cueva,https://x.com/JesusRCuevas/status/1843297458308432224/photo/3,@JesusRCuevas,2024-10-07T14:28:55.000Z,"La presidenta 
@Claudiashein
 presentó iniciativas para reformar la ley de procesos electorales y la de medios de impugnación. Así se garantizan la legalidad, imparcialidad y transparencia en la elección de jueces, magistrados y ministros del Poder Judicial el 1o. de junio de 2025."
Juan_Ivan_Cueva,https://x.com/elcancillercom/status/1851693310273835036/photo/1,@elcancillercom,2024-10-30T17:34:14.000Z,"[AHORA] Cúneo ratificó su apoyo a Quintela en la interna del PJ, pidió que ""Dios lo ayude en la tarea"" y advirtió que los apoderados de Cristina se ""chorearon"" avales del ""Gitano"": ""Fueron presentados en tiempo y forma""."
Juan_Ivan_Cueva,https://x.com/jasr200195/status/1983006507051721062,@LauraCVargas96,2025-10-27T18:19:40.000Z,"La derecha intenta presentar la consulta del Pacto Histórico como un fracaso, pero los hechos muestran lo contrario. En una jornada fría, con pocas mesas, sin elecciones concurrentes y pese al desorden de la Registraduría, más de 2,7 millones de personas salieron a votar. Eso"
Juan_Ivan_Cueva,https://x.com/ecuainm_oficial/status/1824470334386446816,@ecuainm_oficial,2024-08-16T15:36:39.000Z,"#URGENTE
Juan Iván Cueva y Cristina Reyes es el binomio presidencial del movimiento Amigo para participar en las elecciones 2025."
Juan_Ivan_Cueva,https://x.com/_Cueervo/status/1984020137054499306,@_Cueervo,2025-10-30T13:46:24.000Z,AJJAAJAJJAAJAJJAJJAJAJAJAJAJAJAJAJAJAJAJQJA
Juan_Ivan_Cueva,https://x.com/Nexofin/status/1840055556502855976,@Nexofin,2024-09-28T15:46:45.000Z," AHORA | La Libertad Avanza de 
@JMilei
 ganaría las elecciones de 2025 con el 33% de los votos, informa Synopsis. 

 El kirchnerismo obtendría el 18%, el PRO el 9% y la UCR el 3%. 

 El peronismo no K estaría ubicado en el 19%."
Juan_Ivan_Cueva,https://x.com/DrJulioCueva/status/1873947049374220349,@DrJulioCueva,2024-12-31T04:19:27.000Z,"Escenario posible en elecciones 2025:

1) Noboa no pide licencia;
2) Noboa es reelecto
3) Noboa no tiene mayoría en Asamblea;
4) Asamblea en mayoría opositora;
5) Asamblea inicia juicio político al Pdte electo.

6) Fin de la era Noboa.

Por favor asesoren bien al Pdte, que no sea pan para hoy y hambre para mañana.

El País no aguanta más inestabilidad."
Juan_Ivan_Cueva,https://x.com/Solecitodh/status/1982993597482795077,@eleccionescolom,2025-10-26T22:59:44.000Z,"#ATENCION 
A la Presidencia de la República, por quién votaría?

 Ivan Cepeda 
@IvanCepedaCast
 Abelardo de la Espriella  
@ABDELAESPRIELLA"
Juan_Ivan_Cueva,https://x.com/CarlaEUrenaA/status/1859386980943179891,@CarlaEUrenaA,2024-11-21T00:02:56.000Z,"Dos cosas:

1.- La elección para el PJF será en junio del 2025, sí o sí. El período de inscripción se cierra el domingo y no hay suficientes aspirantes inscritos. 
¿Qué va a pasar con las vacantes?

2.- Los ministros renuncian el 31 de agosto del 2025. El INE requiere prórroga para la elección.
¿Nos vamos a quedar sin máximo Tribunal en el tiempo de compensación? 

Este es el resultado de planear todo con el estómago."
Juan_Ivan_Cueva,https://x.com/ecuainm_oficial/status/1824470334386446816/photo/2,@ecuainm_oficial,2024-08-16T15:36:39.000Z,"#URGENTE
Juan Iván Cueva y Cristina Reyes es el binomio presidencial del movimiento Amigo para participar en las elecciones 2025."
Juan_Ivan_Cueva,https://x.com/ElPortalEcu/status/1818143361556975912/photo/2,@ElPortalEcu,2024-07-30T04:35:31.000Z," ""El triunfo del socialismo será notable y contundente en las elecciones del 2025"", acotó el presidente de la CONAIE Leonidas Iza."
Juan_Ivan_Cueva,https://x.com/elcancillercom/status/1852092134364713400,@elcancillercom,2024-10-30T18:31:02.000Z,"[AHORA] Cúneo se presentará como candidato a diputado por la Provincia en 2025, porque ""hasta acá llegó la paciencia"": ""Vamos a dar batalla para iniciar la caída del Gobierno, si es que todavía no cayó""."
Juan_Ivan_Cueva,https://x.com/JuanRamonCast12/status/1872600520030130388,@JuanRamonCast12,2024-12-27T11:08:49.000Z,"ASÍ ES!!
MÁS CLARO QUE EL AGUA FILTRADA.
NOBOA NUNCA MÁS.
ESTE 2025 VOTEMOS POR NUESTRO PORVENIR.
VOTEMOS TODOS POR LA LISTA RC5.
LYISA PRESIDENTA 2025.
UNA SOLA VIELTA."
Juan_Ivan_Cueva,https://x.com/JuanRamonCast12/status/1872600520030130388,@JuanRamonCast12,2024-12-27T11:08:49.000Z,"ASÍ ES!!
MÁS CLARO QUE EL AGUA FILTRADA.
NOBOA NUNCA MÁS.
ESTE 2025 VOTEMOS POR NUESTRO PORVENIR.
VOTEMOS TODOS POR LA LISTA RC5.
LYISA PRESIDENTA 2025.
UNA SOLA VIELTA."
Juan_Ivan_Cueva,https://x.com/EcuavisaInforma/status/1911590569006010831,@EcuavisaInforma,2025-04-14T01:17:26.000Z,"#Elecciones2025  | Con corte a las 20:10 y con el 90,03 % de actas válidas a escala nacional, Daniel Noboa tiene 55,93 % y Luisa González 44,07 %. 

Sigue el minuto a minuto  
bit.ly/3EItkYI"
Juan_Ivan_Cueva,https://x.com/jasr200195/status/1983006507051721062,@jasr200195,2025-10-27T18:19:40.000Z,"La derecha intenta presentar la consulta del Pacto Histórico como un fracaso, pero los hechos muestran lo contrario. En una jornada fría, con pocas mesas, sin elecciones concurrentes y pese al desorden de la Registraduría, más de 2,7 millones de personas salieron a votar. Eso"
Juan_Ivan_Cueva,https://x.com/Mariloche/status/1983983520646361535,@Mariloche,2025-10-30T19:45:06.000Z,Iván Cepeda gana consulta del Pacto Histórico y será candidato en 2026
Juan_Ivan_Cueva,https://x.com/ecuainm_oficial/status/1824470334386446816/photo/1,@ecuainm_oficial,2024-08-16T15:36:39.000Z,"#URGENTE
Juan Iván Cueva y Cristina Reyes es el binomio presidencial del movimiento Amigo para participar en las elecciones 2025."
Juan_Ivan_Cueva,https://x.com/EcuavisaInforma/status/1881065970669940969/photo/1,@EcuavisaInforma,2025-01-19T19:47:30.000Z,"#Elecciones2025  | En el tercer encuentro presidencial de #PolíticamenteCorrecto, Víctor Aráus, Francesco Tabacchi y Juan Cueva debatieron sus propuestas en seguridad y generación de empleo.  
bit.ly/3DYptXt"
Juan_Ivan_Cueva,https://x.com/lahoraecuador/status/1824951116221775968,@lahoraecuador,2024-08-17T23:27:06.000Z,"Se suman más binomios presidenciales para las elecciones de 2025 . Juan Iván Cueva y Cristina Reyes buscan juntos ganar la Presidencia por el movimiento AMIGO .  
bit.ly/4fBWt69"
Juan_Ivan_Cueva,https://x.com/Expresoec/status/1841166268943962541,@Expresoec,2024-10-01T17:20:20.000Z,"Juan Iván Cueva y Cristina Reyes, el binomio presidencial del Movimiento Amigo, formalizaron su candidatura ante el CNE para las elecciones generales de 2025. 

Detalles  
bit.ly/3Y68dqG"
Juan_Ivan_Cueva,https://x.com/Nexofin/status/1840055556502855976/photo/1,@Nexofin,2024-09-28T15:46:45.000Z," AHORA | La Libertad Avanza de 
@JMilei
 ganaría las elecciones de 2025 con el 33% de los votos, informa Synopsis. 

 El kirchnerismo obtendría el 18%, el PRO el 9% y la UCR el 3%. 

 El peronismo no K estaría ubicado en el 19%."
Juan_Ivan_Cueva,https://x.com/LiutSantiago21/status/1799251383343829030,@LiutSantiago21,2024-06-08T01:25:32.000Z,"Al parecer la carrera Presidencial 2025 va tomando forma:
Coloco mi opinión sobre las posibilidades que tienen entre:
NULA - BAJA - MEDIA - ALTA

1. Daniel Noboa - ADN - ALTA
2. Henry Cucalón - CREO - MEDIA
3. Henry Klonfle - PSC - NULA
4. Andrea González - FUERZA VALIENTE - BAJA
5. Candidato Correísta - RC5 - BAJA
6. Pedro Granja - PARTIDO SOCIALISTA - NULA
7. Candidato Pachakutik - PACHAKUTIK - NULA
8. Bolívar Armijos - MOVIMIENTO AMIGO - NULA"
Juan_Ivan_Cueva,https://x.com/TVCEcuador/status/1881701614043480426,@TVCEcuador,2025-01-21T13:53:19.000Z,Fue asesor técnico en el Municipio de Loja
Juan_Ivan_Cueva,https://x.com/Kelme_boy/status/1775963425832604088,@Kelme_boy,2024-04-04T00:33:32.000Z,"Efectivamente. Él no será candidato en 2025. Las luminarias apuntarán a otro actor. Pero bien por 
@aquilesalvarez
. Él fue electo para ser alcalde y tiene que cumplirlo hasta el último día. Hay demasiado que hacer por esta ciudad."
Juan_Ivan_Cueva,https://x.com/conurbanero_/status/1983531503590965264,@juanapolitizada,2025-10-29T00:25:10.000Z,"Si hay votantes de Milei leyéndome por acá, ¿me cuentan qué los motivó a elegir a La Libertad Avanza?"
Juan_Ivan_Cueva,https://x.com/JesusRCuevas/status/1843297458308432224/photo/2,@JesusRCuevas,2024-10-07T14:28:55.000Z,"La presidenta 
@Claudiashein
 presentó iniciativas para reformar la ley de procesos electorales y la de medios de impugnación. Así se garantizan la legalidad, imparcialidad y transparencia en la elección de jueces, magistrados y ministros del Poder Judicial el 1o. de junio de 2025."
Juan_Ivan_Cueva,https://x.com/JuanIvanCuevaEc/status/1850619582408503635,@JuanIvanCuevaEc,2024-10-27T19:24:25.000Z," Machala | Continuamos con nuestro recorrido, hoy participé de un conversatorio con medios locales.

Gracias a esta oprtunidsd, presente a 
@cristinareyesec
 como mi binomio, una guayaca de cepa, forjada en la lucha , que tiene la capacidad y el conocimiento para CAMBIAR el , 
@Yaku
 nuestro 1er candidato a la @AsambleaNacional, defensor de la vida, de la naturaleza y de luchas sociales.

¡Este es mi equipo, su equipo, nuestro equipo! 

#SomosElCambio
#Capacidad
#JuanSinMiedo"
Juan_Ivan_Cueva,https://x.com/EcuavisaInforma/status/1911590569006010831/photo/1,@EcuavisaInforma,2025-04-14T01:21:21.000Z," #Elecciones2025 | Con el 90,03 % de actas escrutadas, Daniel Noboa alcanza el 55 % de votos y Luisa González el 44 %. La tendencia es irreversible y Noboa es proclamado ganador en estos comicios, de acuerdo a los resultados oficiales.

Sintonízanos #ENVIVO  
Ecuavisa.com/envivo"
Juan_Ivan_Cueva,https://x.com/JuanIvanCuevaEc/status/1850619582408503635,@JuanIvanCuevaEc,2024-10-27T19:24:25.000Z," Machala | Continuamos con nuestro recorrido, hoy participé de un conversatorio con medios locales.

Gracias a esta oprtunidsd, presente a 
@cristinareyesec
 como mi binomio, una guayaca de cepa, forjada en la lucha , que tiene la capacidad y el conocimiento para CAMBIAR el , 
@Yaku
 nuestro 1er candidato a la @AsambleaNacional, defensor de la vida, de la naturaleza y de luchas sociales.

¡Este es mi equipo, su equipo, nuestro equipo! 

#SomosElCambio
#Capacidad
#JuanSinMiedo"
Juan_Ivan_Cueva,https://x.com/Radio_i99/status/1882921355043348598,@Radio_i99,2025-01-24T22:40:08.000Z,"Juan Iván Cueva, candidato presidencial de Ecuador para las elecciones de 2025, expuso su plan para combatir la inseguridad, crear empleo y enfrentar la crisis energética. Destacó la creación de una nueva agencia de inteligencia con tecnología avanzada, la inyección de 1,000 millones de dólares en proyectos de infraestructura y un plan para energías renovables con 900 millones de inversión.

 #JuanIvánCueva #Ecuador2025"
Juan_Ivan_Cueva,https://x.com/EcuavisaInforma/status/1881098580607524897,@EcuavisaInforma,2025-01-19T21:57:05.000Z,"#EnVivo | El presidenciable Juan Iván Cueva llegó junto a su esposa. Dijo que está a gusto con el grupo que le tocó.  
bit.ly/4h0iagt"
Juan_Ivan_Cueva,https://x.com/JesusRCuevas/status/1843297458308432224,@JesusRCuevas,2024-10-07T14:28:55.000Z,"La presidenta 
@Claudiashein
 presentó iniciativas para reformar la ley de procesos electorales y la de medios de impugnación. Así se garantizan la legalidad, imparcialidad y transparencia en la elección de jueces, magistrados y ministros del Poder Judicial el 1o. de junio de 2025."
Juan_Ivan_Cueva,https://x.com/Kelme_boy/status/1775963425832604088,@Kelme_boy,2024-04-04T00:33:32.000Z,"Efectivamente. Él no será candidato en 2025. Las luminarias apuntarán a otro actor. Pero bien por 
@aquilesalvarez
. Él fue electo para ser alcalde y tiene que cumplirlo hasta el último día. Hay demasiado que hacer por esta ciudad."
Juan_Ivan_Cueva,https://x.com/eluniversocom/status/1871308208377090442/photo/1,@eluniversocom,2024-12-23T21:33:38.000Z,"#DanielNoboa |  A partir del 5 de enero próximo el país entra a un proceso de campaña electoral para las elecciones generales de febrero de 2025. 
ow.ly/4CVp50UwhhE"
Juan_Ivan_Cueva,https://x.com/martinidaberry/status/1983893249950376316,@martinidaberry,2025-10-30T13:46:24.000Z,"¿De verdad Independiente gasta por el color de las bengalas, del fuego?
Independiente, ese equipo que festejó con una celeste y blanca el campeonato de Messi.
El que lleva en la valija una celeste y blanca cuando viaja.
El que se pone en el pecho una escarapela la semana de mayo.
El que juró, a los 9 años, amor a una bandera con los mismos colores de Racing. 
El que se despierta cada mañana con el cielo despejado y celeste y blanco.

Todos los dias que mira para arriba ve los colores de Racing. Y suspira.

Nosotros no entendemos esa vida de frustración. 
Es como vivir todo el tiempo con una daga clavada en el pecho, o un palo metido en el orto.
Es lógica la descarga."
Juan_Ivan_Cueva,https://x.com/grok/status/1983345368105660456,@RAMONRIZZO,2025-10-29T01:28:47.000Z,"@grok
 ¿Quién crees que gane las elecciones presidenciales en Colombia?"
Juan_Ivan_Cueva,https://x.com/ElFinanciero_Mx/status/1952459856520286713/photo/1,@ElFinanciero_Mx,2025-08-04T20:01:19.000Z,"#ÚLTIMAHORA  | ¡Se destapó! Bajo su nueva organización política llamada “México Nuevo, paz y futuro”, Cuevas anunció que “para 2030, si Dios me lo permite, si tenemos fuerza, si la gente nos sigue y esto funciona, voy a estar buscando la jefatura de Gobierno”

 
tinyurl.com/567f34bb"
Juan_Ivan_Cueva,https://x.com/LiutSantiago21/status/1799251383343829030,@LiutSantiago21,2024-06-08T01:25:32.000Z,"Al parecer la carrera Presidencial 2025 va tomando forma:
Coloco mi opinión sobre las posibilidades que tienen entre:
NULA - BAJA - MEDIA - ALTA

1. Daniel Noboa - ADN - ALTA
2. Henry Cucalón - CREO - MEDIA
3. Henry Klonfle - PSC - NULA
4. Andrea González - FUERZA VALIENTE - BAJA
5. Candidato Correísta - RC5 - BAJA
6. Pedro Granja - PARTIDO SOCIALISTA - NULA
7. Candidato Pachakutik - PACHAKUTIK - NULA
8. Bolívar Armijos - MOVIMIENTO AMIGO - NULA"
Juan_Ivan_Cueva,https://x.com/ElDatoEcua/status/1864020193703231715,@ElDatoEcua,2024-12-03T18:53:40.000Z,"#Urgente Daniel Noboa lidera las encuestas con un 34% de intención de voto, el Presidente se perfila como favorito para las elecciones de 2025, según Informe Confidencial. 

Luisa González, del correísmo, lo sigue con un 32%."
Juan_Ivan_Cueva,https://x.com/politikcorrecta/status/1881423554828439634,@politikcorrecta,2025-01-19T19:47:30.000Z,"La #inseguridad es la mayor preocupación para el 64% de los ecuatorianos. Víctor Araus, Francesco Tabacchi y Juan Iván Cueva propusieron medidas como pena de muerte, #CadenaPerpetua y vigilancia tecnológica. ¿En qué consisten?

Te contamos más   
bit.ly/3DYptXt"
Juan_Ivan_Cueva,https://x.com/RTVCnoticias/status/1982565736150106428,@RTVCnoticias,2025-10-26T21:51:20.000Z,"#ParticiparEsDemocracia ATENTOS: Ya se conoce el boletín no. 6 de la Consulta presidencial del Pacto Histórico: Iván Cepeda lidera con un 60,56% mientras que Carolina Corcho se ubica con un 33.09%

 En vivo de #Elecciones2025:  
rtvcnoticias.com/senal-en-vivo "
Juan_Ivan_Cueva,https://x.com/Radio_i99/status/1882921355043348598,@Radio_i99,2025-01-24T22:40:08.000Z,"Juan Iván Cueva, candidato presidencial de Ecuador para las elecciones de 2025, expuso su plan para combatir la inseguridad, crear empleo y enfrentar la crisis energética. Destacó la creación de una nueva agencia de inteligencia con tecnología avanzada, la inyección de 1,000 millones de dólares en proyectos de infraestructura y un plan para energías renovables con 900 millones de inversión.

 #JuanIvánCueva #Ecuador2025"
Juan_Ivan_Cueva,https://x.com/ElDatoEcua/status/1864020193703231715/photo/1,@ElDatoEcua,2024-12-03T18:53:40.000Z,"#Urgente Daniel Noboa lidera las encuestas con un 34% de intención de voto, el Presidente se perfila como favorito para las elecciones de 2025, según Informe Confidencial. 

Luisa González, del correísmo, lo sigue con un 32%."
Juan_Ivan_Cueva,https://x.com/Nuvia56/status/1984933058575778065,@eleccionescolom,2025-11-01T00:38:21.000Z,"#USA #EEUU
Usted tiene una imagen favorable o desfavorable del Secretario de Estado de USA, Marco Rubio 
@marcorubio
?

 Desfavorable 
 Favorable"
Juan_Ivan_Cueva,https://x.com/diariocorreoec/status/1850193707091288407,@diariocorreoec,2024-10-26T15:12:09.000Z,"En su camino hacia la presidencia de Ecuador, Juan Iván Cueva, candidato presidencial por el movimiento Amigo, lista 16, visitó las instalaciones de Diario CORREO para presentar sus propuestas de cara a las elecciones presidenciales de febrero de 2025. 
bityl.co/SWTj"
Juan_Ivan_Cueva,https://x.com/benalarcon/status/1881016576004247983,@benalarcon,2025-01-19T16:31:13.000Z,"Las elecciones que se celebrarán en 2025 constituyen el mayor esfuerzo que el gobierno ha intentado para cooptar, por mecanismos político-clientelares a líderes opositores, pero no funcionará porque sin resolver la elección del 28 de julio no habrá electores dispuestos a votar."
Juan_Ivan_Cueva,https://x.com/ElPortalEcu/status/1818143361556975912,@ElPortalEcu,2024-07-30T04:35:31.000Z," ""El triunfo del socialismo será notable y contundente en las elecciones del 2025"", acotó el presidente de la CONAIE Leonidas Iza."
Juan_Ivan_Cueva,https://x.com/JesusRCuevas/status/1843297458308432224/photo/1,@JesusRCuevas,2024-10-07T14:28:55.000Z,"La presidenta 
@Claudiashein
 presentó iniciativas para reformar la ley de procesos electorales y la de medios de impugnación. Así se garantizan la legalidad, imparcialidad y transparencia en la elección de jueces, magistrados y ministros del Poder Judicial el 1o. de junio de 2025."
Juan_Ivan_Cueva,https://x.com/AnibalSanchezOF/status/1983364987067285808,@AnibalSanchezOF,2025-10-27T17:22:06.000Z," El partido centro democrático a confirmado que el 28 de noviembre de 2025 revelará el nombre de su candidato presidencial único mediante una encuesta interna realizada por una firma internacional (se menciona Atlas Intel) posibles candidatos Paloma Valencia, Miguel Uribe, María Fernanda Cabal, Paola Holguín y Andres Guerra 

El ganador participará en una consulta interpartidista de la derecha en marzo 2026, posiblemente contra  Vicky Dávila (independiente) Juan Carlos Pinzón (Verde Oxígeno) Abelardo de la Espriella (Salvación Nacional)

 Las elecciones son el 31 de mayo de 2026 (primera vuelta). Otros bloques: Pacto Histórico (con la izquierda), Coalición Centro Esperanza (Fajardo-Galán) y candidaturas independientes hay 65 comités de firmas registrados …

Acá explicaba el sistema:"
Juan_Ivan_Cueva,https://x.com/kmilo472/status/1983601294578479293,@kmilo472,2025-10-29T18:26:16.000Z,"En cambio, en 2025 hablamos de una consulta en frío, sin estímulos ni gasto público significativo. No creo que alcance con estos para ganar en primera vuelta, pero esas bases de todos los partidos siempre crece en elecciones. Por ahora una buena base"
Juan_Ivan_Cueva,https://x.com/visionariasec/status/1841147715750707474,@visionariasec,2024-10-01T16:06:36.000Z,"#MiradaNacionalEc | Juan Iván Cueva y Cristina Reyes son la fórmula presidencial del movimiento Amigo, inscribieron formalmente su candidatura en el CNE. 

Hasta el momento son 10 los binomios que han formalizado su rumbo a las elecciones del 2025 en Ecuador. 

#elecciones #Ecuador #elecciones2025 #Noticias"
Juan_Ivan_Cueva,https://x.com/_Cueervo/status/1984020137054499306,@_Cueervo,2025-10-30T13:46:24.000Z,AJJAAJAJJAAJAJJAJJAJAJAJAJAJAJAJAJAJAJAJQJA
Juan_Ivan_Cueva,https://x.com/elcancillercom/status/1852092134364713400,@elcancillercom,2024-10-30T18:31:02.000Z,"[AHORA] Cúneo se presentará como candidato a diputado por la Provincia en 2025, porque ""hasta acá llegó la paciencia"": ""Vamos a dar batalla para iniciar la caída del Gobierno, si es que todavía no cayó""."
Juan_Ivan_Cueva,https://x.com/Expresoec/status/1841166268943962541/photo/1,@Expresoec,2024-10-01T17:20:20.000Z,"Juan Iván Cueva y Cristina Reyes, el binomio presidencial del Movimiento Amigo, formalizaron su candidatura ante el CNE para las elecciones generales de 2025. 

Detalles  
bit.ly/3Y68dqG"
Juan_Ivan_Cueva,https://x.com/visionariasec/status/1841147715750707474,@visionariasec,2024-10-01T16:06:36.000Z,"#MiradaNacionalEc | Juan Iván Cueva y Cristina Reyes son la fórmula presidencial del movimiento Amigo, inscribieron formalmente su candidatura en el CNE. 

Hasta el momento son 10 los binomios que han formalizado su rumbo a las elecciones del 2025 en Ecuador. 

#elecciones #Ecuador #elecciones2025 #Noticias"
Juan_Ivan_Cueva,https://x.com/ElFinanciero_Mx/status/1952459856520286713,@ElFinanciero_Mx,2025-08-04T20:01:19.000Z,"#ÚLTIMAHORA  | ¡Se destapó! Bajo su nueva organización política llamada “México Nuevo, paz y futuro”, Cuevas anunció que “para 2030, si Dios me lo permite, si tenemos fuerza, si la gente nos sigue y esto funciona, voy a estar buscando la jefatura de Gobierno”

 
tinyurl.com/567f34bb"
Juan_Ivan_Cueva,https://x.com/diariocorreoec/status/1850193707091288407,@diariocorreoec,2024-10-26T15:12:09.000Z,"En su camino hacia la presidencia de Ecuador, Juan Iván Cueva, candidato presidencial por el movimiento Amigo, lista 16, visitó las instalaciones de Diario CORREO para presentar sus propuestas de cara a las elecciones presidenciales de febrero de 2025. 
bityl.co/SWTj"
Juan_Ivan_Cueva,https://x.com/RAlvarezDelgado/status/1826461242824814951,@RAlvarezDelgado,2024-08-22T03:27:48.000Z,"Para las elecciones de 2025, de los 17 #CorreaHijoDePuta pone 12 (doce) Candidatos

José Serrano
Carlos Rabascall
Víctor Arauz
Juan Cueva
Pedro Granja
Luis Tilleria
Leonidas Iza
Eduardo Sánchez
Iván Saquisela
Henry Kronfle
Jan Topic
Luisa Gonzales

¡¡Qué hijos de puta!!"
Juan_Ivan_Cueva,https://x.com/DrJulioCueva/status/1873947049374220349,@DrJulioCueva,2024-12-31T04:19:27.000Z,"Escenario posible en elecciones 2025:

1) Noboa no pide licencia;
2) Noboa es reelecto
3) Noboa no tiene mayoría en Asamblea;
4) Asamblea en mayoría opositora;
5) Asamblea inicia juicio político al Pdte electo.

6) Fin de la era Noboa.

Por favor asesoren bien al Pdte, que no sea pan para hoy y hambre para mañana.

El País no aguanta más inestabilidad."
Juan_Ivan_Cueva,https://x.com/Expresoec/status/1841166268943962541,@Expresoec,2024-10-01T17:20:20.000Z,"Juan Iván Cueva y Cristina Reyes, el binomio presidencial del Movimiento Amigo, formalizaron su candidatura ante el CNE para las elecciones generales de 2025. 

Detalles  
bit.ly/3Y68dqG"
Juan_Ivan_Cueva,https://x.com/nometiente2/status/1973377376806392273,@nometiente2,2025-10-01T13:20:04.000Z,"Amigos (los que van a votar por Iván), tengamos en cuenta que el uribismo lo odia por lograr que condenaran a su líder y ser el referente de las madres de las víctimas, los uribistas son los mayores interesados en que Iván no quede y seguro van a salir a votar en la consulta, los que no queremos que nos arrebaten la posibilidad de tenerlo de presidente, debemos salir a votar masivamente por él este 26."
Juan_Ivan_Cueva,https://x.com/AnibalSanchezOF/status/1983364987067285808,@AnibalSanchezOF,2025-10-27T17:22:06.000Z," El partido centro democrático a confirmado que el 28 de noviembre de 2025 revelará el nombre de su candidato presidencial único mediante una encuesta interna realizada por una firma internacional (se menciona Atlas Intel) posibles candidatos Paloma Valencia, Miguel Uribe, María Fernanda Cabal, Paola Holguín y Andres Guerra 

El ganador participará en una consulta interpartidista de la derecha en marzo 2026, posiblemente contra  Vicky Dávila (independiente) Juan Carlos Pinzón (Verde Oxígeno) Abelardo de la Espriella (Salvación Nacional)

 Las elecciones son el 31 de mayo de 2026 (primera vuelta). Otros bloques: Pacto Histórico (con la izquierda), Coalición Centro Esperanza (Fajardo-Galán) y candidaturas independientes hay 65 comités de firmas registrados …

Acá explicaba el sistema:"
Juan_Ivan_Cueva,https://x.com/ivan196302/status/1893877526906143155,@ivan196302,2025-02-24T04:16:03.000Z,"Mi voto será por Noboa, iré en silla de ruedas, así no me ayude el MSP, yo quiero morir en mi Guayaquil, dónde guerreros huancavilcas defendieron la libertad que los piratas y rufianes quisieron arrebatar. Mil veces Guayaquil de pie ante la tiranía, el odio y la corrupción."
Juan_Ivan_Cueva,https://x.com/lahistoriaec/status/1879602314862067981,@lahistoriaec,2025-01-15T18:51:27.000Z,Soñar no cuesta nada. El candidato Juan Cueva hace un video en el que les deja el polvo a sus rivales Daniel Noboa y Luisa González. #TodoPorUnVoto
Juan_Ivan_Cueva,https://x.com/Nuvia56/status/1984933058575778065,@eleccionescolom,2025-11-01T00:38:21.000Z,"#USA #EEUU
Usted tiene una imagen favorable o desfavorable del Secretario de Estado de USA, Marco Rubio 
@marcorubio
?

 Desfavorable 
 Favorable"
Juan_Ivan_Cueva,https://x.com/nometiente2/status/1973377376806392273/photo/1,@nometiente2,2025-10-01T13:20:04.000Z,"Amigos (los que van a votar por Iván), tengamos en cuenta que el uribismo lo odia por lograr que condenaran a su líder y ser el referente de las madres de las víctimas, los uribistas son los mayores interesados en que Iván no quede y seguro van a salir a votar en la consulta, los que no queremos que nos arrebaten la posibilidad de tenerlo de presidente, debemos salir a votar masivamente por él este 26."
Juan_Ivan_Cueva,https://x.com/ElPortalEcu/status/1818143361556975912/photo/1,@ElPortalEcu,2024-07-30T04:35:31.000Z," ""El triunfo del socialismo será notable y contundente en las elecciones del 2025"", acotó el presidente de la CONAIE Leonidas Iza."
Juan_Ivan_Cueva,https://x.com/lahistoriaec/status/1879602314862067981,@lahistoriaec,2025-01-15T18:51:27.000Z,Soñar no cuesta nada. El candidato Juan Cueva hace un video en el que les deja el polvo a sus rivales Daniel Noboa y Luisa González. #TodoPorUnVoto
Juan_Ivan_Cueva,https://x.com/RTVCnoticias/status/1982565736150106428,@RTVCnoticias,2025-10-26T21:51:20.000Z,"#ParticiparEsDemocracia ATENTOS: Ya se conoce el boletín no. 6 de la Consulta presidencial del Pacto Histórico: Iván Cepeda lidera con un 60,56% mientras que Carolina Corcho se ubica con un 33.09%

 En vivo de #Elecciones2025:  
rtvcnoticias.com/senal-en-vivo "
Juan_Ivan_Cueva,https://x.com/RAlvarezDelgado/status/1826461242824814951,@RAlvarezDelgado,2024-08-22T03:27:48.000Z,"Para las elecciones de 2025, de los 17 #CorreaHijoDePuta pone 12 (doce) Candidatos

José Serrano
Carlos Rabascall
Víctor Arauz
Juan Cueva
Pedro Granja
Luis Tilleria
Leonidas Iza
Eduardo Sánchez
Iván Saquisela
Henry Kronfle
Jan Topic
Luisa Gonzales

¡¡Qué hijos de puta!!"
Juan_Ivan_Cueva,https://x.com/grok/status/1983345368105660456,@grok,2025-10-29T01:29:19.000Z,"Es demasiado pronto para una predicción precisa, con elecciones en mayo de 2026 y encuestas prohibidas hasta noviembre. El triunfo de Iván Cepeda en las primarias del Pacto Histórico muestra continuidad de la izquierda, pero con baja participación que indica debilidad. Creo que una oposición unida, capitalizando el descontento económico y de seguridad, podría inclinar la balanza hacia un candidato de centro-derecha como Fajardo o similar."
Juan_Ivan_Cueva,https://x.com/CarlaEUrenaA/status/1859386980943179891,@CarlaEUrenaA,2024-11-21T00:02:56.000Z,"Dos cosas:

1.- La elección para el PJF será en junio del 2025, sí o sí. El período de inscripción se cierra el domingo y no hay suficientes aspirantes inscritos. 
¿Qué va a pasar con las vacantes?

2.- Los ministros renuncian el 31 de agosto del 2025. El INE requiere prórroga para la elección.
¿Nos vamos a quedar sin máximo Tribunal en el tiempo de compensación? 

Este es el resultado de planear todo con el estómago."
Juan_Ivan_Cueva,https://x.com/benalarcon/status/1881016576004247983,@benalarcon,2025-01-19T16:31:13.000Z,"Las elecciones que se celebrarán en 2025 constituyen el mayor esfuerzo que el gobierno ha intentado para cooptar, por mecanismos político-clientelares a líderes opositores, pero no funcionará porque sin resolver la elección del 28 de julio no habrá electores dispuestos a votar."
Juan_Ivan_Cueva,https://x.com/eluniversocom/status/1871308208377090442,@eluniversocom,2024-12-23T21:33:38.000Z,"#DanielNoboa |  A partir del 5 de enero próximo el país entra a un proceso de campaña electoral para las elecciones generales de febrero de 2025. 
ow.ly/4CVp50UwhhE"
